,val_loss,loss
0,0.025052432767276107,
1,1.87531203730353,33.47492249806722
2,2.7062206150128922,16.02635743882921
3,3.121361245523239,8.375704447428385
4,3.3465715883620852,4.629993988407983
5,3.4994894917155133,1.8192792468600802
6,3.6061782205413127,-0.23370231522454155
7,3.6979200457190644,-1.9397873083750408
8,3.792837027280495,-3.480954087442822
9,3.878212840649588,-4.888619899749756
10,3.9592205589187555,-6.241931120554606
