,Model,MSE,Size,Number,SE,Performance
99_99,PPFD_Avg+VWC+VPD+Shrub,0.011604109418080912,99,99,0.0023693195127896184,0
