,val_loss,loss
0,-75.57811354255058,
1,-72.93548119483717,61.02568795945909
2,-71.66975081305343,29.475921207004124
3,-70.94397655898237,16.51487280262841
4,-70.58501884997247,7.86870523293813
5,-70.3095036290022,1.929575996266471
6,-70.14199272507571,-3.0558636453416614
7,-70.00770028624164,-7.63587835099962
8,-69.81245605712868,-11.964517593383789
9,-69.76285224829418,-16.143434630499947
10,-69.88417531932849,-20.365421348147922
