,Model,Size,Nodes,MSE,RMSE,SE,r2,Performance,K
6_75,AirTemp_Avg+Net_SW_Wm2_Avg+Net_LW_Wm2_Avg+DSSM+NDVI+WindSpd,6,75,0.12374105777284457,0.351768471828907,0.0015171318340164882,0.9444538249134271,0,30
