,Model,Size,Nodes,MSE,RMSE,SE,r2,Performance,K
8_75,VPD+wind_speed+PPFD_Avg+Active_Layer_1+Temp_5_1+Temp_5_2+Temp_15_2+Daytime,8,75,0.1408158600610656,0.3752543937931515,0.0017385473878012802,0.9367891097853955,0,30
