,Model,Size,Nodes,MSE,RMSE,SE,r2,Performance,K
6_40,Net SW Radiation+Net LW Radiation +NDVI+Deep+Shallow+VPD_est,6,40,0.18510266526194896,0.43023559274187084,0.0036577451526018452,0.9153974183684337,0,30
