,Model,Size,Nodes,MSE,RMSE,SE,r2,Performance,K
8_43,u*+wind_speed+NR_Wm2_Avg+Table_1+Active_Layer_1+Temp_15_1+Polygon+Rim,8,43,40.45206900293998,6.360194101042827,0.6110717157114445,0.7491445871769078,0,30
