,Model,MSE,Size,Number,HiddenNodes,SE,r2,Performance,K
1_19,PPFD_Avg,0.38674263727817293,1,19,331,0.025708058842834752,0.8231499242603724,0,30
