,val_loss,loss
0,-22.1577761974828,
1,-20.135197353774103,107.16197374131944
2,-18.81842425979417,74.0569313897027
3,-17.854057638604065,60.954552544487846
4,-17.079158839275095,52.63297759162055
5,-16.47662272761608,45.89340739780002
6,-15.84247879242075,40.04100672403971
7,-15.325063395089117,34.95422077178955
8,-14.859161849679618,30.004756026797825
9,-14.541865430207087,26.000735971662735
10,-14.29909058089914,22.706320259306167
