,val_loss,loss
0,0.6439755814439007,0.9007989631758796
1,0.4856270455337804,0.6927171879344516
2,0.4028050060929923,0.5594657096597884
3,0.3657388465157871,0.49161120255788165
4,0.35140682571920856,0.45445306102434796
5,0.3442203132242992,0.43331853217548794
6,0.3379488326352218,0.41775235533714294
7,0.3322638711024975,0.40407191382514107
8,0.3273011564694602,0.39194302095307243
9,0.32416568706775534,0.38184086481730145
10,0.32177073860476757,0.37285176912943524
11,0.32005042461999533,0.3647229274113973
12,0.3176006387533813,0.3572455710834927
13,0.31630588605486115,0.350674397415585
14,0.31521289430815597,0.34466735521952313
15,0.31473445974547287,0.33883799778090584
16,0.3148001870975412,0.3338887592156728
17,0.3149496781158036,0.3292655448118846
18,0.31496067695833485,0.3250430226325989
19,0.31532992199063303,0.32101795739597744
20,0.31656913502976813,0.317515245742268
21,0.3163217027511062,0.3142026149564319
22,0.3181014876298863,0.3115391151772605
23,0.31942350574094674,0.3084591329097748
24,0.3204231898974756,0.3057572974099053
25,0.3206728072515849,0.30360234611564213
