,val_loss,loss
0,1.2061451901649607,1.3958397176530626
1,0.9296658958854347,1.0594841440518696
2,0.733690383516509,0.8249934911727905
3,0.6039243152557776,0.657693538400862
4,0.5199009900671783,0.5537319282690684
5,0.46933720387951955,0.49139012230767143
6,0.43915768104509034,0.45347941915194195
7,0.419817223888019,0.4341190589798821
8,0.4073927136330769,0.42348504728741115
9,0.3986431382853409,0.41637732254134285
10,0.39283312091539646,0.4111698336071438
11,0.38824069109456294,0.4071899917390611
12,0.3876890416803031,0.4033360845512814
13,0.38414885458247416,0.39916594823201496
14,0.38157860893627693,0.39588838153415257
15,0.38229834103378757,0.3922291960981157
16,0.38022405433243717,0.38893958263927036
17,0.3773988704229223,0.3860582643085056
18,0.3771742053073028,0.3829118212064107
19,0.3765072950001421,0.38011547591951156
20,0.3763484221080254,0.3771354986561669
21,0.3751820485139715,0.3746422893471188
22,0.37434129622475854,0.3719569742679596
23,0.3736476118194646,0.3694855007860396
24,0.3718970965722512,0.36706793639394975
25,0.37218630755769794,0.3645464711719089
26,0.3706095410832043,0.36230315102471244
27,0.36738571442406753,0.3603365487522549
28,0.36893838849560967,0.3581578963332706
29,0.36997250996786973,0.3566124339898427
30,0.3702378451824188,0.3545709484153324
31,0.36707066924407566,0.35247817304399276
32,0.36483035858335167,0.3514118393262227
33,0.3656931768203604,0.3495678702990214
34,0.36630272382292256,0.3480494221051534
35,0.36648325077418625,0.3467010822561052
36,0.3650521605179228,0.34528960784276325
37,0.36386006577261565,0.3442740456925498
38,0.3635006422626561,0.3431653198268678
39,0.36813948832709215,0.3419105311234792
40,0.3663665173382595,0.34064192242092556
41,0.3633792246210164,0.3395748370223575
42,0.36502265056659433,0.3384043375651042
43,0.36718752898018936,0.33761905630429584
44,0.36477241701093216,0.33627718024783665
45,0.365160147177762,0.3352924949593014
46,0.3655788303449236,0.334222674369812
47,0.36561578450531795,0.3336838202344047
48,0.3636658091997278,0.33254657520188224
49,0.3658613188513394,0.3311389552222358
50,0.3676383475805151,0.3303988344139523
51,0.36640863829645615,0.3297728896141052
