,Model,Size,Nodes,MSE,RMSE,SE,r2,Performance,K,Thresh,Remove
7_24,Net SW Radiation+Net LW Radiation +Wind Speed+NDVI+Deep+Shallow+VPD_est,7,24,60.2050427361583,7.759190855763138,1.1559620773517156,0.6026767876258716,0,30,61.361004813510014,N/A
6_24,Net SW Radiation+Wind Speed+NDVI+Deep+Shallow+VPD_est,6,24,61.101259545055385,7.8167294660270406,1.0872593911416077,0.5967622043067435,0,30,62.18851893619699,N/A
