,Model,Size,Nodes,MSE,RMSE,SE,r2,Performance,K,Thresh,Remove
7_75,Net_SW_Wm2_Avg+Net_LW_Wm2_Avg+WindSpd+NDVI+Deep+Shallow+VPD_est,7,75,0.13807855131383992,0.3715892238935891,0.002201835490422048,0.9380178614517869,0,30,0.14028038680426197,N/A
