,Model,Size,Nodes,MSE,RMSE,SE,r2,Performance,K,Thresh,Remove
8_75,AirTemp_Avg+Net_SW_Wm2_Avg+Net_LW_Wm2_Avg+SoilMoist(4)+Daytime+DSSM+NDVI+WindSpd,8,75,0.11561346322720137,0.34001979828710177,0.0015491537821222118,0.9481022242226036,0,30,0.11716261700932358,N/A
