,Model,Size,Nodes,MSE,RMSE,SE,r2,Performance,K,Thresh,Remove
21_75,AirTC_Avg+VPD+u*+wind_speed+air_pressure+NR_Wm2_Avg+PPFD_Avg+Table_1+VWC_2+VWC_1+Active_Layer_1+Temp_2_5_1+Temp_5_1+Temp_15_1+Temp_2_5_2+Temp_5_2+Temp_15_2+Collapse+Polygon+Rim+Daytime,21,75,0.09395124949276114,0.30651468071327537,0.001947438924937109,0.9578261843897664,0,30,0.09589868841769825,N/A
8_75,VPD+wind_speed+PPFD_Avg+Active_Layer_1+Temp_5_1+Temp_5_2+Temp_15_2+Daytime,8,75,0.14100623525081313,0.3755079696235662,0.001697157001904303,0.9367036521869866,0,30,0.14270339225271744,N/A
