,Model,MSE,Size,Nodes,SE,r2,Performance,K,Thresh
17_150,AirTC_Avg+VPD+NR_Wm2_Avg+PPFD_Avg+Table_1+VWC_2+Active_Layer_1+Temp_2_5_1+Temp_5_1+Temp_15_1+Temp_2_5_2+Temp_5_2+Temp_15_2+u*+wind_speed+air_pressure+Wind_Direction,0.1529187726046612,17,150,0.03241135106571224,0.9319368386797902,0,30,0.18533012367037344
17_100,AirTC_Avg+VPD+NR_Wm2_Avg+PPFD_Avg+Table_1+VWC_2+Active_Layer_1+Temp_2_5_1+Temp_5_1+Temp_15_1+Temp_2_5_2+Temp_5_2+Temp_15_2+u*+wind_speed+air_pressure+Wind_Direction,0.15685529411286037,17,100,0.03022951763858903,0.9301847182966001,0,30,0.1870848117514494
17_50,AirTC_Avg+VPD+NR_Wm2_Avg+PPFD_Avg+Table_1+VWC_2+Active_Layer_1+Temp_2_5_1+Temp_5_1+Temp_15_1+Temp_2_5_2+Temp_5_2+Temp_15_2+u*+wind_speed+air_pressure+Wind_Direction,0.1673813256014269,17,50,0.035936376620224884,0.9254996494390302,0,30,0.2033177022216518
9_150,VPD+NR_Wm2_Avg+PPFD_Avg+VWC_2+Active_Layer_1+Temp_5_1+Temp_5_2+Temp_15_2+u*,0.17583981198444065,9,150,0.0254188240602837,0.9217348315987756,0,30,0.20125863604472435
9_100,VPD+NR_Wm2_Avg+PPFD_Avg+VWC_2+Active_Layer_1+Temp_5_1+Temp_5_2+Temp_15_2+u*,0.18423902969595646,9,100,0.03199621544176711,0.9179963938626814,0,30,0.21623524513772358
9_50,VPD+NR_Wm2_Avg+PPFD_Avg+VWC_2+Active_Layer_1+Temp_5_1+Temp_5_2+Temp_15_2+u*,0.1945303655686768,9,50,0.02636587215211138,0.9134157865129461,0,30,0.2208962377207882
