,Model,Size,Nodes,MSE,RMSE,SE,r2,Performance,K,Thresh,Remove
7_40,Net SW Radiation+Net LW Radiation +Wind Speed+NDVI+Deep+Shallow+VPD_est,7,40,0.17597439986515248,0.41949302719491355,0.0037168768569885097,0.9195695615263628,0,30,0.179691276722141,N/A
6_40,Net SW Radiation+Net LW Radiation +NDVI+Deep+Shallow+VPD_est,6,40,0.18510266526194896,0.43023559274187084,0.0036577451526018452,0.9153974183684337,0,30,0.1887604104145508,N/A
