,val_loss,loss
0,-83.30167486812489,
1,-80.97208961992862,182.37632327609592
2,-79.70238645125433,118.5577901204427
3,-78.89293481652955,94.27765655517578
4,-78.34370860944232,80.79353841145833
5,-77.96138984422048,71.8226318359375
6,-77.74255909577784,64.74415800306532
7,-77.56069771820806,57.92202801174588
8,-77.22141952806734,51.3597280714247
9,-76.79908349902269,44.32011604309082
10,-76.32714798221312,36.37828254699707
