,val_loss,loss
0,25.914321625643762,
1,27.36217510145286,31.952615949842667
2,27.965675075506343,11.886054303910997
3,28.209101064040745,3.0276748074425592
4,28.26859591582726,-2.530692610475752
5,28.28974066500006,-7.129182762569851
6,28.26156576810212,-11.71457670794593
7,28.21224364309475,-15.364012082417807
8,28.148530242771937,-18.434944258795845
9,28.056886824451645,-20.852813296847874
10,27.929848411987567,-22.877514945136177
