,Model,Size,Nodes,MSE,RMSE,SE,r2,Performance,K,Thresh,Remove
21_75,AirTC_Avg+VPD+u*+wind_speed+air_pressure+NR_Wm2_Avg+PPFD_Avg+Table_1+VWC_2+VWC_1+Active_Layer_1+Temp_2_5_1+Temp_5_1+Temp_15_1+Temp_2_5_2+Temp_5_2+Temp_15_2+Collapse+Polygon+Rim+Daytime,21,75,0.09346709700536698,0.30572389014495904,0.002045294100950166,0.9580435158019704,0,30,0.09551239110631715,N/A
8_75,VPD+wind_speed+PPFD_Avg+Active_Layer_1+Temp_5_1+Temp_5_2+Temp_15_2+Daytime,8,75,0.1408158600610656,0.3752543937931515,0.0017385473878012802,0.9367891097853955,0,30,0.14255440744886688,N/A
