,val_loss,loss
0,-85.49855818323405,
1,-82.0083944193158,143.25838979085287
2,-79.80517551270258,94.40420277913411
3,-78.21585444990264,75.12667931450738
4,-77.070336392884,63.84563997056749
5,-76.1397976199113,56.21460151672363
6,-75.51177297657229,50.08605448404948
7,-75.02244014554171,44.87949922349718
8,-74.52345645006197,40.317985958523224
9,-74.08655726022099,35.91757011413574
10,-73.74577074310932,31.691667556762695
