,val_loss,loss
0,1.272162936538814,
1,4.066409630841943,-43.234903971354164
2,5.062521158105349,-44.378988901774086
3,5.3402670970950945,-45.93207889133029
4,5.260064661295053,-47.4733763800727
5,5.06562291896082,-49.01051881578233
6,4.794668791600433,-50.625136057535805
7,4.478529504214625,-52.294487423366974
8,4.1649506084353805,-53.950365702311196
9,3.739862086051014,-55.57351430257162
10,3.314027492981033,-57.16861258612739
