,val_loss,loss
0,-11.036669314113157,
1,-9.63814245174671,127.87594943576389
2,-8.790662114784636,89.47507773505316
3,-8.147407505635558,73.78704749213324
4,-7.771043056455151,64.65708796183269
5,-7.445216024949633,57.36238098144531
6,-7.120914895164556,51.682593239678276
7,-6.8591077416107575,47.4074887169732
8,-6.534658856433014,44.18465015623305
9,-6.424317497631599,41.182102309332954
10,-6.312882535210971,37.880509270562065
