,val_loss,loss
0,-59.602611021840005,
1,-58.071073947437256,-27.877120971679688
2,-57.600847616287105,-29.454468621148003
3,-57.56966040728695,-30.382356855604385
4,-57.68088282003583,-31.156688054402668
5,-57.93152070864738,-31.89070722791884
6,-58.278524697598705,-32.62350347306993
7,-58.62383573742739,-33.3526422712538
8,-58.89914202063801,-34.086676279703774
9,-59.207070391966525,-34.83993254767524
10,-59.52363588367088,-35.62037309010824
