,val_loss,loss
0,-72.04349601221274,
1,-69.28831924474335,7.0420080290900335
2,-68.19788416697685,-8.481646885474524
3,-67.83369481646682,-14.228507359822592
4,-67.85845012909388,-17.6975776553154
5,-68.05416973796024,-20.278532452053494
6,-68.37157356715298,-22.60050031873915
7,-68.69089290048497,-24.664257049560547
8,-69.03373044931081,-26.541737529966568
9,-69.45508977996401,-28.243799845377605
10,-69.89454259340506,-29.840053372912937
