,val_loss,loss
0,8.158251824666714,
1,9.818154546721228,-5.124656147427029
2,10.55194370520526,-12.630116204420725
3,10.915776293853234,-16.47726806004842
4,11.056169852717169,-19.057375484042698
5,11.180967890394145,-21.56597073872884
6,11.226732101522643,-23.530624601576065
7,11.274372371928445,-25.133507940504288
8,11.33304623735362,-26.355634477403427
9,11.330162969539906,-27.653228759765625
10,11.297582369837267,-28.871925565931534
