,Model,MSE,Size,Number,SE,Performance
99_99,PPFD_Avg+VPD+VWC+Shrub,0.011762998082682047,99,99,0.0036033164127570716,0
