,Model,MSE,Size,Number,SE,Performance
0,PPFD_Avg,0.3659957130696468,1,0,0.04899078122064674,1
1,Sedge,0.31873296992944966,1,1,0.057187281394135134,1
2,VPD,0.3605944443726017,1,2,0.032005692902042505,1
3,PPFD_Avg+Sedge,0.31394387361507,2,0,0.022522761847981552,2
4,PPFD_Avg+VPD,0.34660314401858505,2,1,0.0616607824642056,0
5,Sedge+VPD,0.3293366905123453,2,2,0.01146091193640502,1
6,PPFD_Avg+Sedge+VPD,0.3063248693466098,3,0,0.009010188465571183,3
