,Unnamed: 0,Model,MSE,SE,Performance
0,0,PPFD_Avg,0.3668050898274705,0.03534257075807391,0
1,1,VWC,0.3396565611457261,0.02265111200672382,0
2,2,Sedge,0.31439898122514603,0.02411072753512181,1
3,3,PPFD_Avg+Sedge,0.3001793373916136,0.02364446529558249,0
4,4,VWC+Sedge,0.18821529124130712,0.015075612739997787,3
5,5,PPFD_Avg+VWC+Sedge,0.2078055377274412,0.0253324703487118,1
