,Model,MSE,Size,Number,SE,Performance
0,PPFD_Avg,0.45130679256767486,1,0,0.03481850929025483,2
1,PPFD_Avg,0.45130679256767486,1,0,0.03481850929025483,2
2,PPFD_Avg,0.45130679256767486,1,0,0.03481850929025483,2
3,PPFD_Avg,0.45130679256767486,1,0,0.03481850929025483,2
4,PPFD_Avg,0.45130679256767486,1,0,0.03481850929025483,2
5,PPFD_Avg,0.45130679256767486,1,0,0.03481850929025483,2
6,PPFD_Avg,0.45130679256767486,1,0,0.03481850929025483,2
7,PPFD_Avg,0.45130679256767486,1,0,0.03481850929025483,2
