,Model,MSE,Size,Number,SE,Performance
0,PPFD_Avg,0.04908700994958213,1,0,0.007526191693146988,2
1,PPFD_Avg+Upland,0.04832051502071023,2,0,0.005148689719294779,1
2,PPFD_Avg+wind_speed,0.04763810195170847,2,1,0.002903785751592841,2
3,PPFD_Avg+Upland+wind_speed,0.04812089354319804,3,0,0.0027129768120010733,2
4,PPFD_Avg+Upland+wind_speed,0.04812089354319804,3,0,0.0027129768120010733,2
