,Model,MSE,Size,Number,SE,Performance
0,PPFD_Avg,0.045897252086945985,1,0,0.004984419575600689,1
1,Sedge,0.27913561474062965,1,1,0.010128552121856727,0
2,VPD,0.2109444539031045,1,2,0.00892632950799224,0
3,PPFD_Avg+Sedge,0.04380935243218668,2,0,0.00660823386979317,1
4,PPFD_Avg+VPD,0.04396105002762707,2,1,0.005870400598108493,1
5,PPFD_Avg+Sedge+VPD,0.037925968141006426,3,0,0.003856605438248812,3
