,Model,MSE,Size,Number,SE,Performance
0,PPFD_Avg,0.042394516778785495,1,0,0.004154520284847425,1
1,Sedge,0.2844275031005085,1,1,0.014888531470526664,0
2,VPD,0.20906303939154944,1,2,0.005563265053655828,0
3,PPFD_Avg+Sedge,0.04040698443665713,2,0,0.0031662680908635687,2
4,PPFD_Avg+VPD,0.03821787553322068,2,1,0.002489431292280097,3
5,PPFD_Avg+Sedge+VPD,0.038530374301162996,3,0,0.0026084284238567664,2
