,Model,MSE,Size,Number,SE,Performance
0,PPFD_Avg,0.04372509045265316,1,0,0.0038287568276424,1
1,VWC,0.2732231732943704,1,1,0.006686657135191765,0
2,Sedge,0.2722436216640256,1,2,0.00918474423144432,0
3,PPFD_Avg+VWC,0.04199555705296843,2,0,0.0021807292901060765,1
4,PPFD_Avg+Sedge,0.04160171087520426,2,1,0.003748788903419465,1
5,PPFD_Avg+VWC+Sedge,0.0374566425968788,3,0,0.0028430174824040453,3
