,Model,Size,Nodes,MSE,RMSE,SE,r2,Performance,K,Thresh,Remove
7_75,AirTemp_Avg+Net_SW_Wm2_Avg+Net_LW_Wm2_Avg+Daytime+DSSM+NDVI+WindSpd,7,75,0.12352134688292418,0.3514560383361256,0.0015905580429392758,0.9445524510265345,0,30,0.12511190492586347,N/A
