,Factors,Key,RC: 7_75,RG: 7_75,SE: 7_75,RC_Sum: 7_75,CS: 7_75
0,AirTemp_Avg,0,374.6803580972629,0.8820915225893259,1.9527214322910933,0.020080777476521063,0.995612641681163
1,Net_SW_Wm2_Avg,1,13389.534975576942,3.047657075586418,6.249640192476361,0.7176043967825507,0.7176043967825507
2,Net_LW_Wm2_Avg,2,1876.3253267903797,1.9181811233361563,3.8308280527462757,0.10056057262296483,0.8181649694055155
3,Daytime,3,652.9212404932728,0.4249446544796229,4.312290515036988,0.03499293693061964,0.975531864204642
4,DSSM,4,1580.3040748747503,1.77312005062898,4.375958522331653,0.08469548452967372,0.9028604539351892
5,NDVI,5,703.0297457186884,1.184995060165723,2.257359767441151,0.037678473338833125,0.9405389272740223
6,WindSpd,6,81.86221812999159,0.23709466295937698,1.1865854778124185,0.004387358318836831,0.9999999999999999
