,val_loss,loss
0,-37.75324305203331,
1,-34.07766932593399,100.86344316270616
2,-32.33539703927667,74.39270994398329
3,-31.435894289339682,64.73316235012479
4,-30.955989539148323,58.55463155110677
5,-30.65589199431864,54.4417232937283
6,-30.46450409732492,51.12962002224393
7,-30.323926175495544,48.19990751478407
8,-30.227203455816703,45.44216071234809
9,-30.139638072465996,42.82493527730306
10,-30.05950804036927,40.5192436642117
